{"cameraMode":{"drawMode":0,"name":"Shaded","section":"Shading Mode"},"sceneLighting":true,"audioPlay":false,"sceneViewState":{"showFog":false,"showMaterialUpdate":false,"showSkybox":false,"showFlares":false,"showImageEffects":false,"showParticleSystems":false},"in2DMode":false,"pivot":{"x":21.0824031829834,"y":45.10497283935547,"z":5.204928398132324},"rotation":{"x":0.27151530981063845,"y":0.7134944796562195,"z":-0.36226779222488406,"w":0.5347591042518616},"size":24.931516647338868,"orthographic":false}